{
  "park": {
    "Admiralty Park": [1.4484105, 103.7789861],
    "Ang Mo Kio Town Garden West": [1.3743688, 103.8434332],
    "Bedok Town Park": [1.3354072, 103.9256192],
    "Bishan-Ang Mo Kio Park": [1.3634088, 103.8435614],
    "Bukit Batok Nature Park": [1.3485421, 103.7641994],
    "Changi Beach Park": [1.3909433, 103.9920554],
    "Chek Jawa": [1.4087305, 103.9910305],
    "Choa Chu Kang Park": [1.386865, 103.7472637],
    "East Coast Park": [1.3007842, 103.9121866],
    "Fort Canning Park": [1.2945126, 103.845801],
    "Gardens by the Bay": [1.2815683, 103.8636132],
    "Hindede Nature Park": [1.3489085, 103.775735],
    "HortPark - The Gardening Hub": [1.2787362, 103.8018322],
    "Jurong Central Park": [1.3381428, 103.7078091],
    "Kallang Riverside Park": [1.3070353, 103.8682849],
    "Kent Ridge Park": [1.2838852, 103.7912945],
    "Labrador Nature Reserve": [1.2659383, 103.8033226],
    "Lower Seletar Reservoir Park": [1.4102487, 103.8326972],
    "Marsiling Park": [1.4381215, 103.7705687],
    "Mount Faber Park": [1.2737864, 103.8174964],
    "Pasir Ris Park": [1.3725402, 103.9517213],
    "Pasir Ris Town Park": [1.3725402, 103.9517213],
    "Punggol Park": [1.3769802, 103.8986585],
    "Punggol Waterway Park": [1.4111243, 103.9046565],
    "Sembawang Park": [1.4603822, 103.8363201],
    "Sengkang Riverside Park": [1.3993143, 103.8848743],
    "Sengkang Sculpture Park": [1.3949319, 103.8968181],
    "Singapore Botanic Gardens": [1.3138397, 103.8159136],
    "Sun Plaza Park": [1.3590867, 103.944574],
    "Sungei Buloh Wetland Reserve": [1.4479987, 103.7245442],
    "Telok Blangah Hill Park": [1.2788234, 103.8106681],
    "Tiong Bahru Park": [1.2873698, 103.8246836],
    "Toa Payoh Town Park": [1.3307585, 103.8471983],
    "Upper Peirce Reservoir Park": [1.3746589, 103.8112464],
    "West Coast Park": [1.2913603, 103.7666534],
    "Woodlands Town Garden": [1.4381215, 103.7705687],
    "Woodlands Waterfront Park": [1.4530016, 103.7802692],
    "Yishun Neighbourhood Park": [1.4379231, 103.8353384]
  },
  "market": {
    "409 AMK Market And Food Centre": [1.3626312, 103.8553282],
    "50A Marine Terrace Market": [1.3057714, 103.9157338],
    "84 Marine Parade Central Market and Food Centre": [1.3021262, 103.906415],
    "ABC Brickworks": [1.2869047, 103.8081551],
    "Adam Food Centre": [1.3242264, 103.8141876],
    "Albert Centre Market & Food Centre": [1.3011111, 103.8541667],
    "Alexandra Village Food Centre": [1.286343, 103.8045261],
    "Amoy Street Food Centre": [1.2794314, 103.8466744],
    "Ang Mo Kio 628 Market": [1.380884, 103.8405902],
    "Bedok Food Centre": [1.320342, 103.9554542],
    "Bedok North Street 3 Block 511 Market And Food Centre": [1.3331595, 103.9303677],
    "Bendemeer Market & Food Centre": [1.319079, 103.863248],
    "Beo Crescent Market": [1.2888084, 103.8273668],
    "Berseh Food Centre": [1.3075, 103.8569444],
    "Blk 216 Bedok Food Centre and Market": [1.3275219, 103.9333799],
    "Blk 4A Jalan Batu Hawker Centre": [1.3023515, 103.8838875],
    "Blk 630 Bedok Reservoir Wet Market": [1.3324784, 103.9126456],
    "Block 16 Bedok South Market & Food Centre": [1.320499, 103.9355585],
    "Block 538 Bedok North Market and Food Centre": [1.3319181, 103.9251425],
    "Boon Lay Place Market and Food Village": [1.3457434, 103.7130672],
    "Bukit Merah Central Food Centre": [1.2835258, 103.8173753],
    "Bukit Panjang Hawker Centre and Market": [1.3776768, 103.7723775],
    "Bukit Timah Market": [1.3394069, 103.776049],
    "Changi Village Hawker Centre": [1.3893094, 103.9883728],
    "Cheng San Market & Cooked Food Centre": [1.3728057, 103.8544582],
    "Chomp Chomp Food Centre": [1.364454, 103.8666],
    "Chong Boon Market": [1.3680063, 103.8565719],
    "Ci Yuan Hawker Centre": [1.3754074, 103.8829704],
    "Circuit Road Food Centre (Block 79 & 79A)": [1.3259915, 103.8849516],
    "Circuit Road Market & Food Centre": [1.3279069, 103.8870317],
    "Commonwealth Crescent Market": [1.3069482, 103.800383],
    "Dunman Food Centre": [1.3094266, 103.9018286],
    "East Coast Lagoon Food Village": [1.3069299, 103.9349594],
    "Empress Market": [1.3162623, 103.8056341],
    "Eunos Crescent Market and Food Centre": [1.3203075, 103.9042272],
    "Fengshan Market & Food Centre": [1.3320037, 103.9387417],
    "Geylang Bahru Market and Food Centre": [1.32144, 103.870173],
    "Geylang East Market & Food Centre": [1.3205556, 103.8866667],
    "Geylang Serai Malay Market": [1.3167284, 103.8982767],
    "Golden Mile Food Centre": [1.3033328, 103.8639264],
    "Haig Road Market & Food Center": [1.3154313, 103.8955152],
    "Havelock Cooked Food Centre": [1.2879931, 103.8297193],
    "Holland Drive Market and Food Centre": [1.3082449, 103.7928286],
    "Holland Village Market & Food Centre": [1.3112134, 103.7950362],
    "Hong Lim Market & Food Centre": [1.2854139, 103.845807],
    "Hougang Avenue 1 Block 105 Market and Food Centre": [1.3540634, 103.8901447],
    "Jalan Kukoh Food Centre": [1.2882538, 103.8398854],
    "Jurong West 505 Market & Food Centre": [1.3498657, 103.7181654],
    "Jurong West Hawker Centre & Market": [1.3411946, 103.697216],
    "Kallang Estate Market": [1.3073752, 103.8840077],
    "Kampung Admiralty Hawker Centre": [1.4398829, 103.8003298],
    "Kebun Baru Market and Food Centre": [1.3668635, 103.8391889],
    "Kovan Hougang Market & Food Centre": [1.3590554, 103.886143],
    "MacPherson Market & Food Centre": [1.3235768, 103.8853759],
    "Marsiling Lane Food Centre": [1.4434601, 103.7768783],
    "Maxwell Food Centre": [1.2804882, 103.8444871],
    "Mayflower Market and Food Centre": [1.3741844, 103.8388296],
    "Mei Ling Market & Food Centre": [1.2933114, 103.8025828],
    "Newton Food Centre": [1.311944, 103.839444],
    "North Bridge Road Market & Food Centre": [1.305729, 103.8639222],
    "Old Airport Road Food Centre": [1.3083444, 103.8857697],
    "Pasir Panjang Food Centre": [1.275969, 103.7912521],
    "Pek Kio Market & Food Centre": [1.3161946, 103.8502203],
    "People's Park Food Centre 珍珠百貨商場": [1.2852104, 103.8425582],
    "Redhill Food Centre": [1.287294, 103.8181829],
    "Redhill Market": [1.2878415, 103.8182751],
    "Sembawang Hills Food Centre": [1.3722883, 103.8290075],
    "Shunfu Mart": [1.352052, 103.8370283],
    "Sims Vista Market & Food Centre": [1.3170399, 103.8793642],
    "Taman Jurong Market & Food Centre": [1.3344444, 103.7216667],
    "Tampines Round Market & Food Centre": [1.3455845, 103.9446193],
    "Tanglin Halt Market": [1.300567, 103.7977142],
    "Tanjong Pagar Plaza Market": [1.2765144, 103.8430867],
    "Teban Gardens Food Centre": [1.320849, 103.742668],
    "Teck Ghee Court Food Centre": [1.3640365, 103.8480712],
    "Telok Blangah Crescent Block 11 Market And Food Centre": [1.2775461, 103.8185179],
    "Telok Blangah Rise Market": [1.2724274, 103.821741],
    "Upper Boon Keng Food Market Center": [1.3149419, 103.8715752],
    "Whampoa Hawker Centre": [1.3230413, 103.8549728],
    "Yishun Park Hawker Centre": [1.4250185, 103.8447207],
    "Yuhua Market & Hawker Centre": [1.3451628, 103.7311151],
    "Yuhua Village Market and Food Centre": [1.34371, 103.7378055],
    "Zion Riverside Food Centre": [1.2924035, 103.8310809]
  },
  "mall": {
    "100 AM": [1.2750063, 103.8435656],
    "313@Somerset": [1.3008856, 103.8383582],
    "321 Clementi": [1.311998, 103.765014],
    "Alexandra Central": [1.2873346, 103.8050545],
    "Alexandra Retail Centre": [1.2737935, 103.8016048],
    "AMK Hub": [1.369518, 103.8484429],
    "Anchorpoint": [1.2887706, 103.8050762],
    "Aperia": [1.3104579, 103.8642941],
    "Bedok Mall": [1.3245781, 103.9296683],
    "Bedok Point": [1.3249305, 103.9323811],
    "Bugis Cube": [1.2981918, 103.8556572],
    "Bugis+": [1.300599, 103.854893],
    "Bukit Panjang Plaza": [1.3800428, 103.7642332],
    "Bukit Timah Plaza": [1.3387211, 103.7786483],
    "Capitol Piazza": [1.2930784, 103.8512859],